Username,Password
seablackwidowcakeran,480709b9e149be58373a8c9c8c9e485581ff857875b2ffe098a597ba51d32df0
sevensamuraieggcliff,01621148306fc8fb7c2b95eeb5c37e375f90db53cf8313ea87c9c34c05b7e0e5
organbeergreentealog,3d14c2d4e4ced81e459e4ace7c01466a700000fb94a3bbe944a55fb92693e879
rearwindowplatoonfig,968e2d5b08687bf42997461cbdef6c844eabbf04f440cee888c95b864c2a4bcc
leiacapricorncricket,08bb42a30ca57f3455e11ac74fd30eae1196b25a9e7d634bfc5704d542ab7d20
librahypernovacharon,c570d6a308d9d22fcf7b8522e74a25dbf51627ebd4ee07427f676b97f9e8498e
relishmonkeybroccoli,a451acbff9778e785adfe97e64666939448053139e5526f5f799ab38a9c219b3
sunsetblvdfogdrought,cd95eb5ec19bad948f21b2f3dd64bf2da6e6c690626f6e73340a7b3b4963ca32
stickmadmaxmossfargo,43385c768af8b18d1bddc6701db8f4d9b0997780df9f922310853ce2e04000d7
grapesbarleyvoyager2,a72cd98288af458bbc342aa2a9482f7b7414e20801b84696b196d56f8941297f
